SET SQL_SAFE_UPDATES = 0;
set foreign_key_checks=0;
DELETE FROM Service_Provider;
DELETE FROM Doctor;
DELETE FROM Physician_Assisstant;
DELETE FROM Medical_record;
DELETE FROM Diagnose;
DELETE FROM Consult;
INSERT INTO Service_Provider (Employee_ID, Service_provider_ID, name) VALUES (1, 12345, 'Ryan Gosling');
INSERT INTO Service_Provider (Employee_ID, Service_provider_ID, name) VALUES (2, 23456, 'Emma Stone');
INSERT INTO Service_Provider (Employee_ID, Service_provider_ID, name) VALUES (3, 34567, 'Andrew Garfield');
INSERT INTO Doctor (Employee_ID, Service_provider_ID) VALUES (1, 12345);
INSERT INTO Doctor (Employee_ID, Service_provider_ID) VALUES (2, 23456);
INSERT INTO Physician_Assisstant (Employee_ID, Service_Provider_ID) VALUES (3, 34567);
INSERT INTO Medical_record(Record_ID, PID, Copays, Total_cost, Date_time, Clerk_id) VALUES (1, 1, 5, 300, '2018-03-04 10:00:00', 1);
INSERT INTO Medical_record(Record_ID, PID, Copays, Total_cost, Date_time, Clerk_id) VALUES (2, 1, 5, 400, '2018-05-14 14:00:00', 2);
INSERT INTO Medical_record(Record_ID, PID, Copays, Total_cost, Date_time, Clerk_id) VALUES (3, 2, 5, 200, '2017-02-04 10:00:00', 1);
INSERT INTO Medical_record (Record_ID, PID, Copays, Total_cost, Date_time, Clerk_id) VALUES (5, 2, 10, 500, '2017-02-04 11:00:00', 1);
INSERT INTO Medical_record (Record_ID, PID, Copays, Total_cost, Date_time, Clerk_id) VALUES (6, 2, 10, 700, '2017-02-04 13:00:00', 1);
INSERT INTO Medical_record(Record_ID, PID, Copays, Total_cost, Date_time, Clerk_id) VALUES (4, 3, 3, 10, '2018-02-04 11:00:00', 3);
INSERT INTO Diagnose (Record_ID, Employee_ID, Service_Provider_ID) VALUES (1, 1, 12345);
INSERT INTO Diagnose (Record_ID, Employee_ID, Service_Provider_ID) VALUES (2, 1, 12345);
INSERT INTO Diagnose (Record_ID, Employee_ID, Service_Provider_ID) VALUES (3, 2, 23456);
INSERT INTO Diagnose (Record_ID, Employee_ID, Service_Provider_ID) VALUES (4, 2, 23456);
INSERT INTO Diagnose (Record_ID, Employee_ID, Service_Provider_ID) VALUES (5, 3, 34567);
INSERT INTO Diagnose (Record_ID, Employee_ID, Service_Provider_ID) VALUES (6, 2, 23456);
INSERT INTO Consult (Employee_ID, Service_provider_ID, PID) VALUES (1, 12345, 1);
INSERT INTO Consult (Employee_ID, Service_provider_ID, PID) VALUES (2, 23456, 2);
INSERT INTO Consult (Employee_ID, Service_provider_ID, PID) VALUES (3, 34567, 2);
INSERT INTO Consult (Employee_ID, Service_provider_ID, PID) VALUES (2, 23456, 3);
SET foreign_key_checks=1;
SET SQL_SAFE_UPDATES = 1;
